id,first_name,last_name,full_name,email,phone,alternate_phone,address,city,requirement,created_at,updated_at
1,Javier,Smith,Miss Karlie Cummings V,shanon81@example.com,+1-938-547-6761,+1 (801) 494-9878,"4867 Ledner Turnpike
Berrybury, WA 15880",Port Shanon,Neque impedit a.,2022-09-05 18:49:56,2022-09-05 18:49:56
2,Dahlia,Hagenes,Cristal Von,laurianne.bailey@example.com,+1.919.471.0554,+1-224-729-6973,"633 Fernando Corner Suite 543
Sheilabury, WI 57949",Port Carastad,Quisquam dolores ratione.,2022-09-05 18:49:56,2022-09-05 18:49:56
3,Henri,Effertz,Prof. Mireya Gibson,lschmidt@example.org,1-972-342-5744,1-475-855-5337,"706 Kiley Curve Suite 664
West Josefina, TN 87280-1938",Schadenshire,Est ad.,2022-09-05 18:49:56,2022-09-05 18:49:56
4,Mia,Howell,Tatyana McLaughlin,geraldine21@example.com,1-364-870-4273,(425) 606-0689,"453 Terry Street
New Alanis, OR 42035",North Antoinette,Natus aut.,2022-09-05 18:49:56,2022-09-05 18:49:56
5,Mustafa,Leuschke,Tre Schaden,tyost@example.org,+19253445971,+1-580-742-3731,"63879 Dayne Parks
South Nova, CT 02760-8664",Dannystad,At recusandae.,2022-09-05 18:49:56,2022-09-05 18:49:56
6,Janice,Weber,Mr. Jayden Russel,nfahey@example.com,+1.520.724.9636,+1-435-618-5439,"716 Friesen Rapids
Elisatown, KY 49139",Jovaniberg,Error tenetur.,2022-09-05 18:49:56,2022-09-05 18:49:56
7,Talia,Watsica,Mr. Curt Klein III,buckridge.gabrielle@example.net,+15595287087,(445) 784-5403,"88530 Romaguera Tunnel Suite 487
Jeromyshire, ID 06752-7025",North Wilbert,Nihil minima.,2022-09-05 18:49:56,2022-09-05 18:49:56
8,Johnathon,Sipes,Demetris Graham MD,damore.raheem@example.net,"817.926.8310",+1-814-754-1775,"96579 Emmerich Village
Terrychester, RI 99294-3585",New Bernitaville,Commodi quia omnis.,2022-09-05 18:49:56,2022-09-05 18:49:56
9,Nikki,Sipes,Cordia Senger,jimmy.mckenzie@example.net,+1.726.727.9955,+1-636-221-1986,"999 Yessenia Keys Suite 601
Brendenside, MA 51776",Kassulkebury,Repellat fugit.,2022-09-05 18:49:56,2022-09-05 18:49:56
10,Meta,Ebert,Jovani Hahn,lowell.bode@example.org,612-576-9443,+1-442-849-6174,"761 Verner Junction
Gretatown, CA 08133",North Gilesmouth,Similique et a.,2022-09-05 18:49:56,2022-09-05 18:49:56
