first_name,last_name,full_name,email,phone,alternate_phone,address,city,requirement
Javier,Smith,Miss Karlie Cummings V,shanon81@example.com,123456,456789,"4867 Ledner Turnpike
Berrybury, WA 15880",Port Shanon,Neque impedit a.
Dahlia,Hagenes,Cristal Von,laurianne.bailey@example.com,123457,456790,"633 Fernando Corner Suite 543
Sheilabury, WI 57949",Port Carastad,Quisquam dolores ratione.
Henri,Effertz,Prof. Mireya Gibson,lschmidt@example.org,123458,456791,"706 Kiley Curve Suite 664
West Josefina, TN 87280-1938",Schadenshire,Est ad.
Mia,Howell,Tatyana McLaughlin,geraldine21@example.com,123459,456792,"453 Terry Street
New Alanis, OR 42035",North Antoinette,Natus aut.
Mustafa,Leuschke,Tre Schaden,tyost@example.org,123460,456793,"63879 Dayne Parks
South Nova, CT 02760-8664",Dannystad,At recusandae.
