id,name,email,password
1,Price Rosenbaum Jr.,ifarrell@example.com,1234567890
2,Glenna Koepp,hegmann.kariane@example.com,1234567891
3,Heath Hudson,ophelia91@example.net,1234567892
4,Mekhi Kassulke,sipes.thea@example.com,1234567893
5,Brennan Borer,eve.parisian@example.org,1234567894
6,Miss Maiya Fritsch,alysha96@example.com,1234567895
7,Mr. Ayden Altenwerth,igrady@example.com,1234567896
8,Delbert Mayer,botsford.ryley@example.net,1234567897
9,Kendrick Smitham,kreichert@example.net,1234567898
10,Holden Rath DVM,tillman25@example.org,1234567899
11,Gerhard Moen II,isai07@example.net,1234567900
12,Garret Weissnat,blair51@example.net,1234567901
13,Prof. Loraine Kulas,ostreich@example.com,1234567902
14,Keanu Dietrich IV,pkerluke@example.org,1234567903
15,Lucio Cronin,donnelly.alejandra@example.net,1234567904
16,Mrs. Rae Paucek II,vgreenholt@example.net,1234567905
17,Christina Vandervort Sr.,okon.amalia@example.com,1234567906
18,Kelley Abbott,schuppe.abner@example.com,1234567907
19,Cristal Rolfson III,west.caroline@example.net,1234567908
20,Mireya Mohr,moen.cesar@example.com,1234567909
21,Chadd Ankunding,shanahan.kaylin@example.org,1234567910
22,Antonina Maggio,myah.price@example.net,1234567911
23,Marcella Mills,mara65@example.org,1234567912
24,Desmond Smitham Sr.,prosacco.jacynthe@example.com,1234567913
25,Curt Powlowski,ismael47@example.net,1234567914
26,Emmanuelle Marks,aufderhar.rubye@example.net,1234567915
27,Muriel Rempel,witting.angelo@example.com,1234567916
28,Murphy Harber,orlo.hamill@example.net,1234567917
29,Ernestine Huel,mbartell@example.com,1234567918
30,Wava Schimmel,vwisozk@example.com,1234567919
31,Ed Gleichner Jr.,keegan03@example.net,1234567920
32,Carlo Gibson,jgaylord@example.net,1234567921
33,Dr. Enrique Osinski MD,gislason.melany@example.com,1234567922
34,Bo Emmerich,uschneider@example.org,1234567923
35,Dr. Bradford Gutmann,cielo35@example.net,1234567924
36,Harvey Sipes,jermaine42@example.com,1234567925
37,Cullen Carroll,althea54@example.com,1234567926
38,Josiane Klocko,romaine02@example.net,1234567927
39,Mr. Edwardo Weissnat,wwilkinson@example.org,1234567928
40,Dr. Tyreek Koss Sr.,cummings.rebeca@example.net,1234567929
41,Deangelo Stracke,shanahan.monica@example.com,1234567930
42,Halie Legros Sr.,rstiedemann@example.com,1234567931
43,Antwan Ankunding,jhoppe@example.org,1234567932
44,Salvatore Gerhold,mohamed.hermann@example.com,1234567933
45,Lonny Schoen,sharber@example.com,1234567934
46,Deshaun Batz,shields.eleanore@example.com,1234567935
47,Dr. Demarco Barton,simonis.dangelo@example.net,1234567936
48,Lawson Kunde,mertz.soledad@example.net,1234567937
49,Raoul Lowe,trantow.jennie@example.net,1234567938
50,Mallie Douglas,pmayer@example.org,1234567939
51,Mr. Carmine Hahn,raquel74@example.org,1234567940
52,Mr. Brad Gibson,waelchi.omari@example.com,1234567941
53,Mr. Marquis Schumm,rippin.houston@example.net,1234567942
54,Dr. Cyrus Luettgen,spencer.jaquan@example.net,1234567943
55,Delpha Legros,christiansen.brandi@example.org,1234567944
56,Reyes Fisher,erdman.jalyn@example.com,1234567945
57,Bonnie Wolf IV,ghilpert@example.net,1234567946
58,Fermin Hermann,veda91@example.org,1234567947
59,Dr. Caden Jacobi II,easter83@example.net,1234567948
60,Dr. Valerie Lang,kurt55@example.net,1234567949
61,Mrs. Citlalli Walter,destany.considine@example.net,1234567950
62,Lorine Zieme DDS,lemuel36@example.org,1234567951
63,Dr. Moses Ratke Sr.,dovie.okeefe@example.com,1234567952
64,Margaretta Kilback,ihane@example.com,1234567953
65,Micah Huel,makenna24@example.net,1234567954
66,Ms. Rowena Dach,julien.koepp@example.org,1234567955
67,Prof. Elmore Ziemann II,flo.abbott@example.org,1234567956
68,Deshawn Hills PhD,dock03@example.com,1234567957
69,Kurt Simonis I,sonia41@example.org,1234567958
70,Lolita Roob,kihn.carey@example.net,1234567959
71,Prof. Brady Kuhic,fritz93@example.com,1234567960
72,Presley Runolfsdottir I,rfeil@example.org,1234567961
73,Prof. Domingo Treutel,art42@example.org,1234567962
74,Ila Champlin MD,jerrell07@example.net,1234567963
75,Everette Hansen,kerluke.rickey@example.org,1234567964
76,Kennith Zemlak,annetta02@example.com,1234567965
77,Kameron Konopelski,kdibbert@example.com,1234567966
78,Liliana Gerhold PhD,makenzie51@example.org,1234567967
79,Richmond Bernier,margaret46@example.net,1234567968
80,Modesta Lubowitz,ahodkiewicz@example.net,1234567969
81,Chadrick Ullrich,naomi.stracke@example.org,1234567970
82,Gabriel Lynch,madalyn94@example.org,1234567971
83,Althea Roob,abdul.gutmann@example.org,1234567972
84,Dr. Keira Tromp DVM,maverick.strosin@example.com,1234567973
85,Jed Hills,zelma95@example.org,1234567974
86,Prof. Ramiro King PhD,rodolfo89@example.net,1234567975
87,Mrs. Yazmin Hauck,modesto.kilback@example.com,1234567976
88,Mr. Alexzander O'Hara,hudson.oconner@example.net,1234567977
89,Prof. Edwin Swaniawski,schaden.lucio@example.org,1234567978
90,Kassandra Runte Jr.,swaniawski.rollin@example.net,1234567979
91,Moses Zieme,sbahringer@example.org,1234567980
92,Coby O'Keefe,nyasia.franecki@example.org,1234567981
93,Mrs. Gracie Schaefer,terrance.herman@example.org,1234567982
94,Abbie Gusikowski III,shemar29@example.org,1234567983
95,Xander Schamberger PhD,mcrist@example.org,1234567984
96,Prof. Leonard Schroeder DVM,gusikowski.ashlynn@example.net,1234567985
97,Maybelle Sawayn,xlangosh@example.net,1234567986
98,Kelly Cormier,huel.seth@example.com,1234567987
99,Ressie Schmitt,casper.abbigail@example.org,1234567988
100,Camren Weber,mossie.kuhn@example.net,1234567989
101,Miss Aliyah Gusikowski II,darian.metz@example.org,1234567990
102,Sarina Rogahn,barry.turcotte@example.com,1234567991
103,Tyshawn Stanton,dell.dibbert@example.com,1234567992
104,Cindy Kassulke,dietrich.rosendo@example.net,1234567993
105,Prof. Fernando Murphy,qyundt@example.net,1234567994
106,Evalyn Corwin I,iwhite@example.net,1234567995
107,Prof. Noemy Buckridge III,welch.korey@example.org,1234567996
108,Miss Mireille Smith,aida.barrows@example.org,1234567997
109,Penelope Cassin,lindgren.cordia@example.net,1234567998
110,Mrs. Nora Mosciski,hartmann.kirsten@example.org,1234567999
111,Missouri Hand,tyra35@example.com,1234568000
112,Jadon Runolfsdottir,windler.abigale@example.net,1234568001
113,Miss Shaylee Lehner PhD,htreutel@example.net,1234568002
114,Magdalena Rippin,brakus.ryder@example.net,1234568003
115,Rebecca Gusikowski,ivory50@example.com,1234568004
116,Prof. Devonte Spencer,lynch.nick@example.com,1234568005
117,Dr. Lucio Johnson PhD,white.elroy@example.com,1234568006
118,Hailie Bauch,johnston.alexandro@example.net,1234568007
119,Meredith Adams,winifred99@example.com,1234568008
120,Sid Wisoky,donnelly.emily@example.org,1234568009
121,Eula Hartmann,kade.aufderhar@example.net,1234568010
122,Mrs. Brandy Reichel I,duane87@example.org,1234568011
123,Braulio Quigley,padberg.amelia@example.net,1234568012
124,Kayleigh Hermann,nbahringer@example.org,1234568013
125,Margie Upton,lcummerata@example.com,1234568014
126,Magnolia Hoppe,maryse.kessler@example.org,1234568015
127,Marcellus Klocko Sr.,malinda.bergstrom@example.com,1234568016
128,Giovanni Padberg,chaim78@example.net,1234568017
129,Miss Ivory Langosh,johanna.bogan@example.org,1234568018
130,Dr. Green Donnelly,rudolph.considine@example.com,1234568019
131,Mr. Dario Willms Jr.,garnet.aufderhar@example.net,1234568020
132,Donnie Swaniawski,halvorson.gust@example.net,1234568021
133,Oleta Kohler,enoch.langosh@example.com,1234568022
134,Darrin Robel,klein.abdullah@example.com,1234568023
135,Ellie Harris,stanton.donnell@example.com,1234568024
136,Destin Kautzer,yweissnat@example.com,1234568025
137,Thalia Trantow,utromp@example.org,1234568026
138,Domingo Crona,dmorar@example.net,1234568027
139,Mya Kilback,gwen.strosin@example.net,1234568028
140,Fabian Bartell,ryan.macey@example.org,1234568029
141,Agustin Morissette,zakary.wiza@example.com,1234568030
142,Nathanael Corwin,wisoky.irma@example.com,1234568031
143,Mrs. Glenda Wilderman,jast.della@example.net,1234568032
144,Ayana Schinner,fcollins@example.org,1234568033
145,Dr. Micheal Lakin,natalia.lakin@example.net,1234568034
146,Petra Reichel II,alexa.sauer@example.net,1234568035
147,Jedediah Will,purdy.nellie@example.net,1234568036
148,Mrs. Joanie Russel,wolff.brendan@example.org,1234568037
149,Courtney Grant DVM,meaghan.herman@example.com,1234568038
150,Heaven Robel,trever.hermann@example.org,1234568039
151,Mr. Gerard Spinka,considine.randall@example.com,1234568040
152,Thad West,nyasia16@example.com,1234568041
153,Carlee Rau,kevon.schuppe@example.com,1234568042
154,Dr. Brayan Block I,obergstrom@example.net,1234568043
155,Abdul Gusikowski,simonis.herminio@example.org,1234568044
156,Ransom Stroman,felipa25@example.org,1234568045
157,Georgette Dooley,thora.eichmann@example.net,1234568046
158,Mr. Mckenzie Renner IV,schaden.alyson@example.com,1234568047
159,Tito Mills,golda57@example.org,1234568048
160,Gerhard Simonis,heidenreich.wilber@example.org,1234568049
161,Mr. Manuela Lowe II,bhettinger@example.net,1234568050
162,Casandra Russel,trever95@example.net,1234568051
163,Russ Schaefer,jlehner@example.com,1234568052
164,Allene Hermann,tcruickshank@example.com,1234568053
165,Leslie Hudson,marc35@example.org,1234568054
166,Mr. Darian Parisian,davis.emmett@example.org,1234568055
167,Ms. Camylle Ritchie,crawford28@example.com,1234568056
168,Billie Mann I,hirthe.carey@example.org,1234568057
169,Javonte Rau,kathleen.kuhn@example.org,1234568058
170,Rylan Hickle,marion01@example.com,1234568059
171,Abbigail Parker,jeromy.schaefer@example.com,1234568060
172,Brenda Franecki,schinner.marcelino@example.org,1234568061
173,Janiya Collier,wisoky.marjolaine@example.com,1234568062
174,Prince Parisian PhD,nicklaus41@example.com,1234568063
175,Finn Schinner,durgan.germaine@example.net,1234568064
176,Mrs. Anahi Greenholt Jr.,levi.baumbach@example.net,1234568065
177,Micah Ruecker,hadley.pacocha@example.com,1234568066
178,Alvera Schinner,noemie72@example.net,1234568067
179,Sam Bernier,weldon.kassulke@example.com,1234568068
180,Bryon Kirlin,abbott.dayana@example.net,1234568069
181,Mr. Rodger Lowe,jhuels@example.net,1234568070
182,Walter Boyer,ckirlin@example.org,1234568071
183,Mrs. Syble Lemke,eldred.kulas@example.com,1234568072
184,Nicklaus Koelpin,qschoen@example.org,1234568073
185,Prof. Mckenzie Senger,rsmith@example.com,1234568074
186,Miss Katarina Waters,lueilwitz.layne@example.org,1234568075
187,Jannie Osinski IV,payton.koepp@example.com,1234568076
188,Garfield Ebert,romaguera.bobby@example.net,1234568077
189,Herbert Schumm,kacey36@example.net,1234568078
190,Madge Rosenbaum,colten.roob@example.net,1234568079
191,Prof. Mariah Ledner,dschoen@example.net,1234568080
192,Miss Felipa Simonis,claudie71@example.net,1234568081
193,Cooper Stamm PhD,ustreich@example.net,1234568082
194,Anibal O'Kon,daugherty.malcolm@example.net,1234568083
195,Prof. Abby Collins,genesis.macejkovic@example.net,1234568084
196,Bonnie Weissnat,fveum@example.com,1234568085
197,Jarred Beahan,camille.pacocha@example.net,1234568086
198,Marge Christiansen DDS,hbechtelar@example.net,1234568087
199,Ms. Matilde Hansen,priscilla.durgan@example.org,1234568088
200,Alessia Rutherford,gust.rippin@example.org,1234568089
201,Dr. Percy Okuneva,lynch.berta@example.com,1234568090
202,Laron Boyer DVM,bayer.marianne@example.org,1234568091
203,Shany Sipes,harvey27@example.org,1234568092
204,Stuart Eichmann DDS,powlowski.aurelia@example.org,1234568093
205,Destinee Bauch Jr.,geovanni.rogahn@example.org,1234568094
206,Ms. Belle Prohaska,hal.grady@example.com,1234568095
207,Prof. Layne Braun II,svonrueden@example.com,1234568096
208,Tyree Daniel DVM,reynolds.ervin@example.net,1234568097
209,Eric Franecki V,ritchie.mona@example.com,1234568098
210,Antonia Romaguera V,yesenia92@example.com,1234568099
211,Fidel Wolff,predovic.green@example.org,1234568100
212,Easton Mann,marquardt.camren@example.org,1234568101
213,Margarette Koss,ned00@example.org,1234568102
214,Dr. Shany Schiller,delphia.harvey@example.com,1234568103
215,Darwin Daniel,vberge@example.net,1234568104
216,Macy Marquardt,ola.koss@example.org,1234568105
217,Tamia Howell,jimmy.conroy@example.com,1234568106
218,Ian Padberg,block.laurel@example.net,1234568107
219,Prof. Merritt O'Reilly,augustus08@example.net,1234568108
220,Lucas Murray,aliyah.huels@example.com,1234568109
221,Dr. Greyson Herzog,tyrel48@example.com,1234568110
222,Arno Shields,spencer27@example.org,1234568111
223,Cleveland Rempel MD,jovani49@example.org,1234568112
224,Prof. Clarissa Bahringer,rau.hyman@example.org,1234568113
225,Mrs. Reva White,tyost@example.com,1234568114
226,Hassan Kub,lohara@example.org,1234568115
227,Kristofer O'Kon,watsica.keanu@example.org,1234568116
228,Ms. Jayne Bayer Jr.,brennan79@example.com,1234568117
229,Imani Stanton,howell.miguel@example.com,1234568118
230,Kathryn Romaguera II,dante.ebert@example.org,1234568119
231,Denis Howe,esteban.russel@example.com,1234568120
232,Nikko Hermann V,walter.breanna@example.net,1234568121
233,Lelia Renner,ueichmann@example.net,1234568122
234,Jaycee Leannon,fmedhurst@example.org,1234568123
235,Prof. Samson Swift I,lbaumbach@example.com,1234568124
236,Sallie Skiles,schamberger.macie@example.org,1234568125
237,Keshawn Yundt,xlebsack@example.com,1234568126
238,Dr. Daryl Parisian,nader.lou@example.org,1234568127
239,Sonya Bruen,macie46@example.com,1234568128
240,Fidel Armstrong,kling.cecelia@example.org,1234568129
241,Rylee Bradtke,creola79@example.com,1234568130
242,Eldred Armstrong PhD,halvorson.ottis@example.com,1234568131
243,Randy Boyer,krenner@example.com,1234568132
244,Joshua Gottlieb,crippin@example.com,1234568133
245,Linnea Nicolas Sr.,brian79@example.com,1234568134
246,Isaiah Jacobi,amari26@example.net,1234568135
247,Wallace Koepp,jaqueline41@example.net,1234568136
248,Katarina Dare,casey.klein@example.net,1234568137
249,Dr. Benedict Lind II,zreinger@example.net,1234568138
250,Halle Sawayn,maci83@example.net,1234568139
251,Jaron Aufderhar,ibeahan@example.org,1234568140
252,Jerad Bradtke DDS,hauck.emmy@example.org,1234568141
253,Mr. Toy Rau,emery.barrows@example.org,1234568142
254,Nathanael Mraz,hammes.demarco@example.com,1234568143
255,Mr. Reilly Fritsch DDS,mmoore@example.org,1234568144
256,Miss Meda Brakus DDS,aimee18@example.com,1234568145
257,Rosendo Okuneva,ybeier@example.org,1234568146
258,Era Schamberger,cristian.turner@example.org,1234568147
259,Angela Klein,scummings@example.com,1234568148
260,Marquis Ledner II,joe.emard@example.net,1234568149
261,Jeromy Anderson,mblick@example.org,1234568150
262,Tito Breitenberg,john04@example.net,1234568151
263,Alice Auer II,rhianna.rath@example.net,1234568152
264,Destiney O'Reilly,jewel.murazik@example.com,1234568153
265,Alfreda Breitenberg,wilhelmine47@example.org,1234568154
266,Troy Brekke,dewitt31@example.org,1234568155
267,Miss Krystina Mante,julio31@example.com,1234568156
268,Andreanne Orn III,titus.upton@example.org,1234568157
269,Harmony Hettinger,akeem40@example.org,1234568158
270,Ms. Wava Lang III,zprice@example.com,1234568159
271,Chanel Macejkovic,nelson.bahringer@example.net,1234568160
272,Mrs. Marianne Erdman,weber.ariane@example.com,1234568161
273,Anabel Beahan,candelario47@example.com,1234568162
274,Rusty Olson,orlo65@example.net,1234568163
275,Demetrius Murazik,cassin.raymond@example.com,1234568164
276,Bernice Walsh,octavia.weimann@example.com,1234568165
277,Mr. Eliseo Heidenreich,price.emmalee@example.net,1234568166
278,Jaime McLaughlin,marcella75@example.com,1234568167
279,Quentin Treutel,melissa54@example.org,1234568168
280,Keyon Predovic,viola21@example.org,1234568169
281,Eveline Paucek,anjali72@example.com,1234568170
282,Mrs. Novella Prosacco DVM,bdach@example.com,1234568171
283,Abagail Wunsch,akoch@example.org,1234568172
284,Florence Dickens,lhowell@example.com,1234568173
285,Lauretta Farrell,ochristiansen@example.org,1234568174
286,Josefa Gutmann,ukonopelski@example.org,1234568175
287,Morton D'Amore,ofelia.torp@example.com,1234568176
288,Watson Bergnaum,morissette.llewellyn@example.com,1234568177
289,Reta Durgan IV,carolanne.ferry@example.net,1234568178
290,Omer Little,beahan.buster@example.net,1234568179
291,Barton Shanahan III,sadie51@example.com,1234568180
292,Madonna Mills,rhartmann@example.com,1234568181
293,Kayli Labadie,tressie75@example.org,1234568182
294,Prof. Abe Fadel,joesph.gislason@example.com,1234568183
295,Mr. Jettie Ullrich PhD,marilyne78@example.com,1234568184
296,Dashawn Bogisich DDS,mbradtke@example.net,1234568185
297,Demond Lueilwitz,homenick.tessie@example.org,1234568186
298,Mr. Roosevelt Price DDS,feest.rollin@example.org,1234568187
299,Prof. Krystal Adams DVM,jackson39@example.net,1234568188
300,Lourdes Von,astanton@example.com,1234568189
301,Imogene Murazik V,haley.lessie@example.com,1234568190
302,Adam Block V,little.santiago@example.net,1234568191
303,Luz Toy,uturner@example.net,1234568192
304,Sasha Schinner,lura.erdman@example.org,1234568193
305,Ms. Edythe Steuber,stanton.dock@example.com,1234568194
306,Prof. Waino Cremin Jr.,roger33@example.com,1234568195
307,Mr. Clair Ryan,ppagac@example.org,1234568196
308,Ms. Libby Daugherty,murphy.jonas@example.net,1234568197
309,Alberta Macejkovic,ccronin@example.org,1234568198
310,Reinhold Heaney,mcollins@example.com,1234568199
311,Pauline Collier,ablanda@example.com,1234568200
312,Dr. Kiara Huels,lcartwright@example.org,1234568201
313,Prof. Cicero Leuschke,cremin.maximillian@example.org,1234568202
314,Ladarius Jaskolski,lkuhic@example.net,1234568203
315,Dr. Jeffery Bode,stiedemann.earnest@example.net,1234568204
316,Carlie Sporer,priscilla73@example.org,1234568205
317,Isabella Goyette,santa.yost@example.org,1234568206
318,Jonathon Schiller,mclaughlin.taryn@example.net,1234568207
319,Deangelo Pouros,madilyn19@example.net,1234568208
320,Prof. Zita Deckow PhD,narmstrong@example.com,1234568209
321,Dr. Filiberto Senger,abahringer@example.com,1234568210
322,Prof. Natalie Batz,thill@example.net,1234568211
323,Ms. Carlee Goodwin,kian83@example.net,1234568212
324,Coby Huels,chaya09@example.org,1234568213
325,Freddy Olson,trever13@example.org,1234568214
326,Clark Ziemann,ava49@example.org,1234568215
327,Dr. Aurelia Christiansen,hand.yadira@example.com,1234568216
328,Candice Aufderhar,dmurazik@example.com,1234568217
329,Destini Rohan,awill@example.com,1234568218
330,Cornell Cummerata,schoen.maye@example.net,1234568219
331,Deborah Grady,lemke.rey@example.com,1234568220
332,Joesph Purdy,mcglynn.alexandra@example.org,1234568221
333,Anya Bergstrom,rasheed64@example.net,1234568222
334,Asha Hoppe,dedric87@example.org,1234568223
335,Tabitha Ziemann,royal.kovacek@example.net,1234568224
336,Aurelie Aufderhar,johns.abner@example.com,1234568225
337,Allison Wiza,pearl57@example.org,1234568226
338,Prof. Carter Kuphal,carroll.wolf@example.com,1234568227
339,Jerome Robel,zschowalter@example.com,1234568228
340,Anais Legros Sr.,deion.feest@example.net,1234568229
341,Lavon Miller,stevie61@example.net,1234568230
342,Ressie Nienow,von.carole@example.org,1234568231
343,Anya Lockman,oabernathy@example.org,1234568232
344,Prof. Cassie Hartmann Jr.,julio30@example.com,1234568233
345,Alvera Prohaska,dare.brigitte@example.org,1234568234
346,Prof. Pamela Ziemann IV,gthompson@example.net,1234568235
347,Mrs. Chaya Kuhlman DVM,iwyman@example.org,1234568236
348,Miss Alfreda Lemke IV,tillman.markus@example.com,1234568237
349,Cyril Bernier,tfriesen@example.net,1234568238
350,Haleigh D'Amore,lindgren.king@example.com,1234568239
351,Leonardo Breitenberg,lang.providenci@example.net,1234568240
352,Miss Tessie Gorczany,janelle.kozey@example.net,1234568241
353,Chanelle Hagenes,jgleichner@example.org,1234568242
354,Celine Wisoky,oledner@example.net,1234568243
355,Adrain Kshlerin,quitzon.marshall@example.net,1234568244
356,Reanna Bashirian,gabrielle.maggio@example.net,1234568245
357,Frederik Wiegand,amira73@example.org,1234568246
358,Mrs. Tatyana Zboncak,larkin.sylvester@example.org,1234568247
359,Jennyfer Gerlach,rrau@example.org,1234568248
360,Raleigh Orn Jr.,dhickle@example.org,1234568249
361,Penelope Koss,jessica54@example.com,1234568250
362,Daniela Cummerata,kilback.ivory@example.net,1234568251
363,Amely Bins II,erick52@example.com,1234568252
364,Arne Hodkiewicz,kailyn81@example.net,1234568253
365,Hanna Jerde,sincere.hammes@example.net,1234568254
366,Clemmie Rau,eichmann.diana@example.com,1234568255
367,Camden Schumm II,zachary54@example.com,1234568256
368,Shemar Purdy DDS,zmitchell@example.org,1234568257
369,Lonzo Brown,wendy.quigley@example.com,1234568258
370,Sylvan Rau,kaylee21@example.org,1234568259
371,Amara Bailey MD,nrobel@example.org,1234568260
372,Muriel Olson Jr.,zjohnson@example.com,1234568261
373,Dora Schuster,lennie.ledner@example.net,1234568262
374,Deontae McKenzie,asia08@example.org,1234568263
375,Dr. Mayra Rolfson DDS,celestine13@example.net,1234568264
376,Tyra Block,ara92@example.org,1234568265
377,Mr. Fausto McGlynn DDS,vickie99@example.org,1234568266
378,Carolanne Langworth,erin76@example.net,1234568267
379,Eunice Abernathy II,nmcclure@example.com,1234568268
380,Tony Friesen V,oberbrunner.billie@example.org,1234568269
381,Melvin West,april88@example.com,1234568270
382,Maia Gutmann,will.alexanne@example.net,1234568271
383,Remington Hermiston,waldo88@example.com,1234568272
384,Ulices Barton,okey32@example.org,1234568273
385,Delbert Bergstrom,ferry.peter@example.org,1234568274
386,Ms. Maria Cronin,zkreiger@example.org,1234568275
387,Ruben Zieme,renner.nikolas@example.org,1234568276
388,Nedra Maggio,bobbie.satterfield@example.org,1234568277
389,Victoria Collins,colson@example.org,1234568278
390,Dr. Araceli Parker,fosinski@example.net,1234568279
391,Julian Schiller,kunze.maeve@example.com,1234568280
392,Joel Sawayn III,runolfsdottir.wyatt@example.com,1234568281
393,Shanel Reilly,ollie38@example.com,1234568282
394,Dr. Cathy Casper,geoffrey.corwin@example.com,1234568283
395,Delilah Olson,brown.astrid@example.org,1234568284
396,Adela Spencer,tressa91@example.org,1234568285
397,Erin Fahey V,elisa.berge@example.net,1234568286
398,Violette Grady,gina.stroman@example.net,1234568287
399,Carlie Yost III,hoyt59@example.com,1234568288
400,Prof. Mary Mraz,borer.marguerite@example.net,1234568289
